<?xml version="1.0" encoding="UTF-8"?>
<metadata xml:lang="nl"><Esri><CreaDate>20221020</CreaDate><CreaTime>14113600</CreaTime><ArcGISFormat>1.0</ArcGISFormat><SyncOnce>TRUE</SyncOnce><DataProperties><lineage><Process ToolSource="c:\program files\arcgis\pro\Resources\ArcToolbox\Toolboxes\Data Management Tools.tbx\Rename" Date="20221020" Time="141136">Rename \\cbsp.nl\Productie\primair\TOP\Werk\KWB_buurtkaart\Publicatie_2022\leveringWebMaster\WijkBuurtkaart_2021_v2\gemeente_2021_v2corr.shp \\cbsp.nl\Productie\primair\TOP\Werk\KWB_buurtkaart\Publicatie_2022\leveringWebMaster\WijkBuurtkaart_2021_v2\gemeente_2021_v2.shp ShapeFile</Process></lineage></DataProperties></Esri></metadata>
