"Gemeentecode","Gemeentenaam","Population"
"GM0014","Groningen",234950
"GM0034","Almere",217828
"GM0037","Stadskanaal",31851
"GM0047","Veendam",27466
"GM0050","Zeewolde",23348
"GM0059","Achtkarspelen",27954
"GM0060","Ameland",3757
"GM0072","Harlingen",15904
"GM0074","Heerenveen",51119
"GM0080","Leeuwarden",125504
"GM0085","Ooststellingwerf",25680
"GM0086","Opsterland",29791
"GM0088","Schiermonnikoog",944
"GM0090","Smallingerland",55895
"GM0093","Terschelling",4960
"GM0096","Vlieland",1195
"GM0098","Weststellingwerf",26278
"GM0106","Assen",68979
"GM0109","Coevorden",35517
"GM0114","Emmen",107856
"GM0118","Hoogeveen",55857
"GM0119","Meppel",34761
"GM0141","Almelo",73155
"GM0147","Borne",24007
"GM0148","Dalfsen",29162
"GM0150","Deventer",101446
"GM0153","Enschede",160640
"GM0158","Haaksbergen",24268
"GM0160","Hardenberg",61798
"GM0163","Hellendoorn",35940
"GM0164","Hengelo (O)",81476
"GM0166","Kampen",54791
"GM0168","Losser",23084
"GM0171","Noordoostpolder",48048
"GM0173","Oldenzaal",31741
"GM0175","Ommen",18457
"GM0177","Raalte",38140
"GM0180","Staphorst",17282
"GM0183","Tubbergen",21364
"GM0184","Urk",21468
"GM0189","Wierden",24643
"GM0193","Zwolle",130668
"GM0197","Aalten",27100
"GM0200","Apeldoorn",165611
"GM0202","Arnhem",163888
"GM0203","Barneveld",60584
"GM0209","Beuningen",26235
"GM0213","Brummen",20890
"GM0214","Buren",27155
"GM0216","Culemborg",29397
"GM0221","Doesburg",11036
"GM0222","Doetinchem",58546
"GM0225","Druten",19178
"GM0226","Duiven",24946
"GM0228","Ede",119986
"GM0230","Elburg",23740
"GM0232","Epe",33257
"GM0233","Ermelo",27258
"GM0243","Harderwijk",48857
"GM0244","Hattem",12307
"GM0246","Heerde",18976
"GM0252","Heumen",17175
"GM0262","Lochem",34069
"GM0263","Maasdriel",25504
"GM0267","Nijkerk",44311
"GM0268","Nijmegen",179100
"GM0269","Oldebroek",23930
"GM0273","Putten",24598
"GM0274","Renkum",31358
"GM0275","Rheden",43435
"GM0277","Rozendaal",1756
"GM0279","Scherpenzeel",10317
"GM0281","Tiel",42277
"GM0285","Voorst",24994
"GM0289","Wageningen",39939
"GM0293","Westervoort",14944
"GM0294","Winterswijk",29185
"GM0296","Wijchen",41344
"GM0297","Zaltbommel",29957
"GM0299","Zevenaar",44645
"GM0301","Zutphen",48330
"GM0302","Nunspeet",28223
"GM0303","Dronten",42865
"GM0307","Amersfoort",158590
"GM0308","Baarn",24876
"GM0310","De Bilt",43508
"GM0312","Bunnik",15590
"GM0313","Bunschoten",22325
"GM0317","Eemnes",9450
"GM0321","Houten",50323
"GM0327","Leusden",30713
"GM0331","Lopik",14512
"GM0335","Montfoort",13818
"GM0339","Renswoude",5651
"GM0340","Rhenen",20265
"GM0342","Soest",47113
"GM0344","Utrecht",361699
"GM0345","Veenendaal",67671
"GM0351","Woudenberg",13873
"GM0352","Wijk bij Duurstede",23921
"GM0353","IJsselstein",33429
"GM0355","Zeist",65987
"GM0356","Nieuwegein",64554
"GM0358","Aalsmeer",32452
"GM0361","Alkmaar",110783
"GM0362","Amstelveen",92331
"GM0363","Amsterdam",882633
"GM0373","Bergen (N-H)",29723
"GM0375","Beverwijk",42084
"GM0376","Blaricum",12359
"GM0377","Bloemendaal",23732
"GM0383","Castricum",36263
"GM0384","Diemen",31822
"GM0385","Edam-Volendam",36471
"GM0388","Enkhuizen",18620
"GM0392","Haarlem",162898
"GM0394","Haarlemmermeer",159336
"GM0396","Heemskerk",39189
"GM0397","Heemstede",27557
"GM0399","Heiloo",24417
"GM0400","Den Helder",56334
"GM0402","Hilversum",91733
"GM0405","Hoorn",74298
"GM0406","Huizen",40938
"GM0415","Landsmeer",11560
"GM0417","Laren",11528
"GM0420","Medemblik",45464
"GM0431","Oostzaan",9639
"GM0432","Opmeer",12074
"GM0437","Ouder-Amstel",14212
"GM0439","Purmerend",92240
"GM0441","Schagen",46833
"GM0448","Texel",13687
"GM0450","Uitgeest",13563
"GM0451","Uithoorn",31018
"GM0453","Velsen",68482
"GM0457","Weesp",20766
"GM0473","Zandvoort",17107
"GM0479","Zaanstad",157166
"GM0482","Alblasserdam",20087
"GM0484","Alphen aan den Rijn",112926
"GM0489","Barendrecht",48714
"GM0498","Drechterland",19983
"GM0501","Brielle",17704
"GM0502","Capelle aan den IJssel",67188
"GM0503","Delft",104572
"GM0505","Dordrecht",119537
"GM0512","Gorinchem",37632
"GM0513","Gouda",74095
"GM0518","'s-Gravenhage",553417
"GM0523","Hardinxveld-Giessendam",18511
"GM0530","Hellevoetsluis",40574
"GM0531","Hendrik-Ido-Ambacht",31663
"GM0532","Stede Broec",21947
"GM0534","Hillegom",22312
"GM0537","Katwijk",66032
"GM0542","Krimpen aan den IJssel",29415
"GM0546","Leiden",125074
"GM0547","Leiderdorp",27464
"GM0553","Lisse",23015
"GM0556","Maassluis",34148
"GM0569","Nieuwkoop",29304
"GM0575","Noordwijk",44365
"GM0579","Oegstgeest",25499
"GM0589","Oudewater",10159
"GM0590","Papendrecht",32208
"GM0597","Ridderkerk",47099
"GM0599","Rotterdam",655468
"GM0603","Rijswijk",56941
"GM0606","Schiedam",79644
"GM0610","Sliedrecht",25897
"GM0613","Albrandswaard",25934
"GM0614","Westvoorne",14960
"GM0622","Vlaardingen",74143
"GM0626","Voorschoten",25627
"GM0627","Waddinxveen",31342
"GM0629","Wassenaar",27115
"GM0632","Woerden",52882
"GM0637","Zoetermeer",125767
"GM0638","Zoeterwoude",9302
"GM0642","Zwijndrecht",44789
"GM0654","Borsele",22847
"GM0664","Goes",38950
"GM0668","West Maas en Waal",19675
"GM0677","Hulst",27533
"GM0678","Kapelle",13020
"GM0687","Middelburg",49199
"GM0703","Reimerswaal",22920
"GM0715","Terneuzen",54501
"GM0716","Tholen",26401
"GM0717","Veere",21850
"GM0718","Vlissingen",44585
"GM0736","De Ronde Venen",44955
"GM0737","Tytsjerksteradiel",32282
"GM0743","Asten",17068
"GM0744","Baarle-Nassau",6931
"GM0748","Bergen op Zoom",67894
"GM0753","Best",30608
"GM0755","Boekel",11030
"GM0757","Boxtel",33129
"GM0758","Breda",184702
"GM0762","Deurne",32606
"GM0765","Pekela",12196
"GM0766","Dongen",26483
"GM0770","Eersel",19823
"GM0772","Eindhoven",238326
"GM0777","Etten-Leur",44152
"GM0779","Geertruidenberg",21944
"GM0784","Gilze en Rijen",26557
"GM0785","Goirle",23979
"GM0794","Helmond",93476
"GM0796","'s-Hertogenbosch",156538
"GM0797","Heusden",45557
"GM0798","Hilvarenbeek",15810
"GM0809","Loon op Zand",23768
"GM0820","Nuenen c.a.",23826
"GM0823","Oirschot",19061
"GM0824","Oisterwijk",32503
"GM0826","Oosterhout",56535
"GM0828","Oss",93307
"GM0840","Rucphen",23326
"GM0845","Sint-Michielsgestel",29731
"GM0847","Someren",19701
"GM0848","Son en Breugel",17775
"GM0851","Steenbergen",24333
"GM0852","Waterland",17343
"GM0855","Tilburg",224459
"GM0858","Valkenswaard",31236
"GM0861","Veldhoven",45822
"GM0865","Vught",31783
"GM0866","Waalre",17626
"GM0867","Waalwijk",49342
"GM0873","Woensdrecht",22112
"GM0879","Zundert",22260
"GM0880","Wormerland",16381
"GM0882","Landgraaf",37023
"GM0888","Beek",15817
"GM0889","Beesel",13408
"GM0893","Bergen (L)",13106
"GM0899","Brunssum",27674
"GM0907","Gennep",17237
"GM0917","Heerlen",86845
"GM0928","Kerkrade",45324
"GM0935","Maastricht",121151
"GM0938","Meerssen",18581
"GM0944","Mook en Middelaar",7989
"GM0946","Nederweert",17323
"GM0957","Roermond",59184
"GM0965","Simpelveld",10425
"GM0971","Stein",24803
"GM0981","Vaals",10135
"GM0983","Venlo",102136
"GM0984","Venray",43964
"GM0986","Voerendaal",12426
"GM0988","Weert",50346
"GM0994","Valkenburg aan de Geul",16167
"GM0995","Lelystad",81214
"GM1507","Horst aan de Maas",43039
"GM1509","Oude IJsselstreek",39387
"GM1525","Teylingen",37942
"GM1581","Utrechtse Heuvelrug",49981
"GM1586","Oost Gelre",29603
"GM1598","Koggenland",23048
"GM1621","Lansingerland",64110
"GM1640","Leudal",35928
"GM1641","Maasgouw",24028
"GM1652","Gemert-Bakel",31040
"GM1655","Halderberge",30770
"GM1658","Heeze-Leende",16470
"GM1659","Laarbeek",22943
"GM1667","Reusel-De Mierden",13271
"GM1669","Roerdalen",20558
"GM1674","Roosendaal",77244
"GM1676","Schouwen-Duiveland",34152
"GM1680","Aa en Hunze",25579
"GM1681","Borger-Odoorn",25681
"GM1690","De Wolden",24511
"GM1695","Noord-Beveland",7668
"GM1696","Wijdemeren",24494
"GM1699","Noordenveld",31238
"GM1700","Twenterand",33718
"GM1701","Westerveld",19854
"GM1705","Lingewaard",46963
"GM1706","Cranendonck",20669
"GM1708","Steenwijkerland",44741
"GM1709","Moerdijk",37313
"GM1711","Echt-Susteren",31731
"GM1714","Sluis",23141
"GM1719","Drimmelen",27476
"GM1721","Bernheze",31715
"GM1723","Alphen-Chaam",10425
"GM1724","Bergeijk",18879
"GM1728","Bladel",20718
"GM1729","Gulpen-Wittem",14178
"GM1730","Tynaarlo",34221
"GM1731","Midden-Drenthe",33689
"GM1734","Overbetuwe",48266
"GM1735","Hof van Twente",35056
"GM1740","Neder-Betuwe",25032
"GM1742","Rijssen-Holten",38231
"GM1771","Geldrop-Mierlo",40131
"GM1773","Olst-Wijhe",18496
"GM1774","Dinkelland",26594
"GM1783","Westland",112448
"GM1842","Midden-Delfland",19484
"GM1859","Berkelland",43850
"GM1876","Bronckhorst",36077
"GM1883","Sittard-Geleen",91719
"GM1884","Kaag en Braassem",27895
"GM1891","Dantumadiel",18957
"GM1892","Zuidplas",45794
"GM1894","Peel en Maas",44278
"GM1895","Oldambt",38521
"GM1896","Zwartewaterland",23012
"GM1900","Súdwest Fryslân",90300
"GM1901","Bodegraven-Reeuwijk",35752
"GM1903","Eijsden-Margraten",25857
"GM1904","Stichtse Vecht",65240
"GM1911","Hollands Kroon",48778
"GM1916","Leidschendam-Voorburg",76659
"GM1924","Goeree-Overflakkee",51051
"GM1926","Pijnacker-Nootdorp",56572
"GM1930","Nissewaard",86332
"GM1931","Krimpenerwaard",57062
"GM1940","De Fryske Marren",51597
"GM1942","Gooise Meren",58846
"GM1945","Berg en Dal",34951
"GM1948","Meierijstad",82613
"GM1949","Waadhoeke",46309
"GM1950","Westerwolde",26571
"GM1952","Midden-Groningen",60898
"GM1954","Beekdaelen",35922
"GM1955","Montferland",36359
"GM1959","Altena",57009
"GM1960","West Betuwe",51971
"GM1961","Vijfheerenlanden",58788
"GM1963","Hoeksche Waard",88715
"GM1966","Het Hogeland",48022
"GM1969","Westerkwartier",64306
"GM1970","Noardeast-Fryslân",45593
"GM1978","Molenlanden",44644
"GM1979","Eemsdelta",45389
"GM1980","Dijk en Waard",87695
"GM1982","Land van Cuijk",90707
"GM1991","Maashorst",58362
